Soil_Moisture,Ambient_Temperature,Humidity,Plant_Health_Status
27.52110877,22.24024536,55.2919039,High Stress
14.83556615,21.70676328,63.94918051,High Stress
17.08636197,21.18094556,67.83795649,High Stress
15.33615608,22.59330194,58.19081101,High Stress
39.82221603,28.92900106,63.77203577,High Stress
29.20836482,24.36420869,46.39281145,High Stress
16.35140945,23.02289496,56.90621179,High Stress
33.30769696,20.19918572,56.32621696,Moderate Stress
12.72272609,25.46764547,47.54417466,High Stress
13.24464144,27.63668533,65.61576854,High Stress
24.99896013,25.9306236,56.82434202,Moderate Stress
31.60661098,23.99464808,58.53132773,Healthy
23.52604561,19.00049156,57.75413529,Moderate Stress
21.53529606,19.73966999,47.50846028,Moderate Stress
23.78048858,26.49079136,45.87979905,Moderate Stress
28.12275834,27.29581421,52.06643945,Moderate Stress
22.28116693,19.26392676,45.21420852,Moderate Stress
15.20503814,23.63405835,40.83784537,High Stress
39.2429306,29.39285652,61.67028339,Moderate Stress
35.32985582,22.37344683,40.67374638,Moderate Stress
37.39698436,28.41618165,63.69918699,Healthy
37.7451699,20.53086817,47.25582511,Healthy
32.70184017,29.19280263,62.82887406,Healthy
39.44635404,24.28970893,50.56190134,Healthy
39.56736709,25.55026655,63.67890896,Healthy
29.54570107,24.80921095,42.01890239,Moderate Stress
15.49995908,26.28278385,40.25984234,High Stress
33.15648147,19.02963705,44.46872632,Healthy
30.79192054,25.18298598,63.92669146,High Stress
13.9091687,21.95147498,42.4098101,High Stress
19.06898516,18.89191428,59.99003418,High Stress
39.83876414,21.65353181,69.6872626,Healthy
37.70253751,18.28127088,53.7859033,Healthy
18.13859513,22.06444669,51.53682011,High Stress
31.28343148,22.24091207,50.49709371,Healthy
28.41588626,27.42301475,66.14889901,Moderate Stress
15.72923671,29.58560023,66.98353089,High Stress
28.08880202,21.5326582,43.60973784,High Stress
29.55269085,24.78499674,50.62575539,High Stress
13.11338285,22.86232524,67.05026738,High Stress
19.30080764,18.08769869,44.80825006,High Stress
32.38367281,29.9908861,68.13763608,Healthy
18.25168678,20.1474183,56.04820926,High Stress
26.53859154,24.98914908,68.02007962,Moderate Stress
31.56279707,23.87187867,54.47405198,Healthy
29.13152395,29.97418749,53.38227753,Moderate Stress
25.34079179,28.8294703,61.67313078,Moderate Stress
39.09417602,28.10853379,47.97210145,High Stress
13.90701153,18.91604672,44.43625971,High Stress
24.21651048,22.55603535,67.35308641,Moderate Stress
26.44054757,19.47115783,69.49187236,Moderate Stress
10.95261554,26.73184134,41.14323195,High Stress
10.41624795,23.64197005,52.43883005,High Stress
22.27273443,20.38140881,68.75122088,Moderate Stress
11.42412054,20.77588173,51.03741172,High Stress
19.50777936,25.47068862,60.21570424,High Stress
21.27893436,28.44128785,42.26880351,Moderate Stress
25.17547484,27.28844499,47.18723871,Moderate Stress
26.57864293,18.70349914,58.64233608,Moderate Stress
22.72210718,22.67828323,51.70811446,Moderate Stress
28.09690271,18.30377106,46.59754921,High Stress
32.23443043,28.33192938,63.86715315,Healthy
13.74413384,29.12807686,59.18249327,High Stress
21.9957937,19.08211589,57.71403655,High Stress
29.87090334,22.16036853,66.88471579,Moderate Stress
11.57446394,21.61816122,62.76925953,High Stress
11.45315204,21.27421645,62.25665716,High Stress
10.0007236,27.31361459,53.17610378,High Stress
15.22887049,23.93097622,69.89315157,High Stress
15.06349825,26.01136313,43.27074149,High Stress
15.945651,21.19975665,53.93526057,High Stress
26.258954,21.61476078,48.64184152,Moderate Stress
20.58539448,26.87388868,55.94891459,Moderate Stress
29.16997396,20.25227897,40.09369758,Moderate Stress
11.91581654,27.72472553,44.30531437,High Stress
23.38749716,23.3897951,55.84280527,Moderate Stress
31.93962127,22.60001979,56.63488116,Healthy
25.8445813,26.51913262,58.78332659,Moderate Stress
37.62363972,21.20360527,68.03210261,Healthy
25.41647613,24.64025957,62.5013657,High Stress
19.46787354,23.03571528,45.73821491,High Stress
28.14836341,18.38692006,60.15885389,Moderate Stress
25.49125831,22.42108861,48.73487712,Moderate Stress
24.47774116,29.40646779,56.88610462,Moderate Stress
17.85050539,23.44026525,44.46663663,High Stress
16.85922419,23.55911495,58.89479283,High Stress
24.21131944,23.0046556,51.23957446,Moderate Stress
25.23251478,24.29818961,68.00969849,Moderate Stress
37.9690078,22.59970515,66.91818413,Healthy
12.4201986,27.46916932,56.78641127,High Stress
36.15849437,18.16621963,62.52635105,Healthy
26.92069106,24.41733408,41.60742909,Moderate Stress
12.82680937,20.60847279,54.61996407,High Stress
20.46533515,18.01133123,60.33024414,Moderate Stress
24.78698404,18.39482487,44.88578569,Moderate Stress
24.77272014,23.86430891,50.77816833,Moderate Stress
28.59091087,25.7560484,48.07251959,Moderate Stress
35.87636195,24.59828515,49.20819895,High Stress
23.14255674,26.75780998,54.49754567,Moderate Stress
16.20029365,27.03875634,68.87798944,High Stress
13.53900188,29.90367693,44.06059018,High Stress
28.61562863,24.96006348,69.38492029,Moderate Stress
14.19096927,25.14333416,63.07821526,High Stress
27.28203801,18.59673617,66.02305035,Moderate Stress
20.18083025,25.32793142,62.05504792,Moderate Stress
22.83157809,28.02250955,53.67907776,Moderate Stress
32.32329492,28.48846072,58.40614571,High Stress
26.34458061,28.62866985,44.65917807,Moderate Stress
14.53597632,22.6595498,41.1270298,High Stress
33.52840427,26.33641389,69.6423187,Healthy
33.61743211,18.01865352,54.31142348,Healthy
32.97158514,26.8014671,41.39064199,Healthy
27.23147046,25.75172911,61.83673635,Moderate Stress
31.95626438,27.56452776,43.82266525,Healthy
27.955369,20.6597235,59.75540995,Moderate Stress
33.46139227,27.93026233,53.54555687,Healthy
38.65782583,23.44922062,61.80843965,Healthy
19.15633751,22.8102902,61.27513383,High Stress
24.6780816,19.15554368,63.82841856,Moderate Stress
36.65755798,22.80220928,42.96090858,Healthy
34.995244,20.22453166,66.29055397,High Stress
16.57835341,28.67772738,51.41291069,High Stress
14.2263922,28.75780434,66.767772,High Stress
21.95344844,23.18712119,52.96839779,Moderate Stress
31.81499834,27.80766607,43.78079418,High Stress
34.5849521,22.53314745,60.51746762,Healthy
17.23145645,22.05070823,59.31462861,High Stress
26.21027902,29.85201783,44.44649668,Moderate Stress
26.15614307,27.1877501,50.51352734,Moderate Stress
26.82009447,24.38588466,61.79690918,Moderate Stress
10.91996718,19.80587766,47.16525286,High Stress
21.31436969,19.94417026,44.24012184,Moderate Stress
24.52177252,18.84437239,44.52481499,Moderate Stress
39.07690187,21.13031871,65.41246464,Healthy
15.63104094,26.10031028,54.89752146,High Stress
23.35080615,22.63569602,41.12948722,High Stress
25.43172376,25.00592937,60.49345062,Moderate Stress
31.34284275,29.37136261,46.54865222,Healthy
13.30501387,26.66816832,66.72090906,High Stress
28.42998377,28.0313024,46.92494327,Moderate Stress
35.184369,29.5859166,49.20979621,Healthy
39.32560594,29.01241412,68.10215695,Healthy
39.04610993,20.97114648,52.82168414,Healthy
24.41340257,28.58234392,63.00545862,Moderate Stress
16.30248604,20.96516021,52.1138661,High Stress
16.96558959,24.45107319,46.2635061,High Stress
29.12375692,24.03647604,56.61655238,Moderate Stress
36.55968967,27.7900117,48.73347567,Healthy
36.12706114,24.78079488,53.89292688,High Stress
38.16735815,27.7317158,44.56776134,Healthy
27.17483308,28.38067178,42.63749535,Moderate Stress
35.73163469,22.12131073,48.00201114,Healthy
33.2998783,27.10438815,59.98927581,Healthy
34.93955,19.03336695,67.11874627,High Stress
30.03547517,27.77047614,52.10907463,Healthy
38.62817761,22.72070231,61.06181764,Healthy
13.56330866,29.05103164,54.94960073,High Stress
34.27055556,27.87189702,47.8232339,Healthy
11.82798785,25.54449026,57.94894032,High Stress
37.40855418,26.90504796,61.93781291,Healthy
17.44761791,21.37316535,47.44257632,High Stress
18.31051881,29.96776591,59.30859472,High Stress
21.8342184,21.6395375,69.27549134,Moderate Stress
15.9099463,25.91056979,49.21474703,High Stress
29.49354023,25.17730594,58.33261309,Moderate Stress
35.32706597,22.97811262,67.9453072,Healthy
28.27655715,26.89896584,62.27847024,High Stress
24.44405052,23.89024901,44.86471141,Moderate Stress
11.84437883,26.76889568,57.01616129,High Stress
11.66384664,18.59020758,63.09588382,High Stress
25.41931575,23.41023393,46.37495784,Moderate Stress
31.26458871,19.23046255,50.84027774,Healthy
34.35109143,28.1908569,69.16711751,Healthy
10.37077341,27.84886203,41.8919346,High Stress
15.77815273,20.48696409,49.87358952,High Stress
34.26138727,22.40111128,57.36889405,Healthy
26.10768572,19.24203486,66.26209202,Moderate Stress
10.47210818,26.73907978,50.54572004,High Stress
28.12488785,24.39895444,68.73492144,Moderate Stress
27.22258042,22.53699292,64.72095532,Moderate Stress
31.35358453,23.56344814,52.44383881,Healthy
15.95774153,21.24435059,64.75454384,High Stress
34.12760153,27.39066579,46.86830729,Healthy
30.76752944,24.29777666,68.50203408,Healthy
14.8304088,23.38846475,45.95113572,High Stress
25.41233734,20.5642347,51.4071993,Moderate Stress
28.99714297,22.32918547,46.11968919,Moderate Stress
13.98800721,22.59184209,66.26695476,High Stress
30.16832971,29.00676279,40.64277843,Moderate Stress
33.43887313,21.43383983,41.18578366,High Stress
15.5884611,20.81315842,51.41674202,High Stress
16.06471322,24.35216976,40.85338302,High Stress
25.92233796,25.87399572,68.54660539,High Stress
18.78747757,25.6947082,67.82143591,High Stress
17.59843908,28.69144274,41.08530287,High Stress
37.96935395,23.85028028,45.09756552,High Stress
39.27096338,23.90135211,42.0214733,High Stress
39.47142973,27.51228804,47.88003402,Healthy
36.2498431,21.37936918,42.56016449,Healthy
11.28662808,18.77016944,68.15467108,High Stress
19.12039761,28.48926412,52.67727401,High Stress
11.02918299,25.63556858,58.29578813,High Stress
25.69444988,18.8818536,43.44541038,Moderate Stress
38.11879129,19.09822006,53.38938363,Healthy
13.11249782,29.78890873,41.78461283,High Stress
34.76053596,28.51280941,49.14202089,Healthy
34.41753861,29.40545208,69.23538702,Healthy
23.33988983,24.6999043,46.3065624,Moderate Stress
30.39024146,28.10065315,41.3684821,Healthy
18.86621618,25.60416037,57.37937524,High Stress
31.90676042,18.12058211,68.91920797,Moderate Stress
38.35078871,23.10225575,51.65778909,Healthy
31.29316216,29.26296544,67.90181861,Healthy
14.73250368,28.1905399,53.8624363,High Stress
28.48894958,21.56956215,46.93427093,Moderate Stress
38.15865761,18.93494504,54.73299412,Healthy
23.07181568,29.81092,41.6559529,Moderate Stress
12.55947753,21.43127725,64.29479195,High Stress
25.94447491,18.14434357,61.28860761,Moderate Stress
14.38310405,25.10939517,41.19357529,High Stress
29.7596361,28.65518263,64.06023862,Moderate Stress
26.06722094,29.55132798,47.60921818,High Stress
20.61207743,27.70488993,66.36183898,High Stress
19.79979123,29.1160162,68.22840976,High Stress
38.79870254,24.82128436,48.2225771,High Stress
15.28798151,23.86383307,52.01363936,High Stress
26.87314784,21.18922062,61.4708804,Moderate Stress
38.51827917,18.77660745,52.87657435,Healthy
34.34274446,22.00292849,44.11662785,Healthy
20.93653372,24.49075641,41.55901337,High Stress
14.50446379,20.64922591,57.14519189,High Stress
30.13392938,26.40629845,56.68455678,Healthy
34.63747993,26.7373653,69.32154335,Healthy
28.25440942,25.88920848,56.17522885,Moderate Stress
21.43901821,28.13330626,44.45734368,Moderate Stress
35.93508334,26.25635003,64.70730585,Healthy
16.82206407,23.31423737,41.14038354,High Stress
21.58235732,20.19227741,44.84743775,High Stress
14.48397349,29.33000627,45.4861548,High Stress
38.89432269,19.77243366,46.24003897,Healthy
31.90066101,18.40789471,45.28176072,Healthy
26.7144008,25.70074305,47.63014167,Moderate Stress
34.65500515,25.02907137,48.34857854,Healthy
22.09975323,27.45302256,56.33414438,Moderate Stress
21.49603897,23.91969663,45.00231576,Moderate Stress
14.99069976,20.92308547,63.44597622,High Stress
39.30673607,27.11968597,45.58236599,Healthy
27.64733001,21.70398691,65.91232221,Moderate Stress
24.1531739,25.28838761,64.65932263,Moderate Stress
21.40448756,27.10544665,46.56746023,Moderate Stress
18.09018786,25.15075981,58.99101707,High Stress
32.76234853,28.34804159,52.57920537,Healthy
29.49686339,27.97304868,49.50055476,Moderate Stress
31.91716296,19.05368324,56.02722291,Healthy
33.59216854,20.93587075,41.97037524,Healthy
25.49690931,27.08149791,57.8384477,High Stress
27.24669117,29.83962821,68.32595261,Moderate Stress
27.59583322,27.41346537,51.94967784,Moderate Stress
29.75301902,21.88172934,61.46567747,Moderate Stress
19.44610216,18.07658046,56.1928233,High Stress
23.77442301,28.06868424,46.4551424,Moderate Stress
25.60961489,24.5667497,54.1328489,Moderate Stress
25.29646113,21.60092485,64.39419843,Moderate Stress
18.10466009,29.16231338,64.07656555,High Stress
39.76196613,21.44992611,69.01066594,Moderate Stress
18.44857102,25.94293012,66.83532618,High Stress
39.3511675,21.16264152,66.59485479,Healthy
30.75993585,23.5972301,47.18794686,Healthy
15.38192433,28.09152211,49.7996226,High Stress
18.67658876,27.38857907,60.30159543,High Stress
38.80479084,20.33880491,57.1448653,Healthy
22.09620251,20.85803463,57.92195005,Moderate Stress
25.14214021,21.82717238,44.23079834,Moderate Stress
32.45784369,19.61879791,54.82149718,Healthy
23.22775203,19.38043454,45.33443804,Moderate Stress
33.6613948,29.12718183,63.8256798,Healthy
36.03925027,20.20433777,57.74945775,High Stress
33.47525615,21.85538443,63.13450287,Healthy
26.82938621,19.5492496,54.85925876,Moderate Stress
29.03061715,21.6320314,61.11411478,Moderate Stress
28.70773853,23.79791211,53.10340436,Moderate Stress
19.58770151,18.6739696,53.42869479,High Stress
23.65587421,21.61447467,47.95718715,Moderate Stress
15.42390632,25.02371998,62.0097908,High Stress
35.31098535,24.03958645,51.84999034,Healthy
12.3171923,21.25250615,60.0431373,High Stress
30.74047074,29.40586166,69.8128204,Healthy
29.7655407,19.68020149,60.75617501,Moderate Stress
13.72385117,23.33443041,68.48812754,High Stress
36.98774959,26.57784901,50.51896022,Healthy
20.06947058,26.42813477,54.7119662,Moderate Stress
39.58417972,26.31273106,43.55921983,Healthy
32.93919492,28.2028878,53.83442276,Healthy
11.90385648,28.70441867,54.67228746,High Stress
14.21626641,22.90204248,47.39337846,High Stress
30.67313888,26.63386973,59.57879422,Healthy
12.51455753,26.42082706,41.08666553,High Stress
17.32748262,28.83015899,56.48557811,High Stress
21.06281453,26.57452741,43.90043052,Moderate Stress
30.60028342,26.71999101,65.41103576,Healthy
21.84184227,26.41706267,40.69675525,Moderate Stress
15.26081614,26.74095905,65.74063985,High Stress
19.46967022,22.21269757,66.12251861,High Stress
29.46610142,21.70366332,62.31537439,Moderate Stress
39.34961791,24.10758414,49.62304774,Healthy
34.61439073,21.79769173,46.52277292,Moderate Stress
17.08190212,27.58928066,61.35127882,High Stress
37.78824651,21.3449958,68.84648404,Healthy
20.33051753,24.39747095,44.1982646,Moderate Stress
10.97549588,27.40448865,61.47788866,High Stress
33.88816079,23.37964779,52.32446136,Healthy
16.58795707,23.36978239,52.15638903,High Stress
13.672978,26.69142956,62.0838153,High Stress
34.09510019,20.74993025,44.88951957,Healthy
22.80868678,26.44364261,67.78201111,Moderate Stress
30.89634323,26.48001031,62.17147943,Healthy
23.26916974,28.03934023,48.53982908,High Stress
32.33877638,20.18555607,54.62268269,High Stress
39.95439919,19.90842067,58.88490895,Moderate Stress
27.31329827,24.8975828,45.77758384,Moderate Stress
39.09941643,19.1383932,67.09234007,Healthy
35.20212818,18.73040961,61.36656944,Healthy
20.61237778,25.27649655,53.37679005,Moderate Stress
14.39975903,21.02854376,53.85686474,High Stress
12.2916475,23.79255449,47.87400083,High Stress
22.52595924,20.13582811,47.26176435,Moderate Stress
24.79805178,21.41335568,44.89819429,High Stress
28.99816625,27.54991624,63.23790663,Moderate Stress
34.95112669,28.47002833,41.71327834,Healthy
23.47025439,22.37888837,52.41826176,Moderate Stress
14.03736422,18.87752483,61.92883527,High Stress
19.07964594,25.81007306,46.46374726,High Stress
33.4691449,20.71390516,68.46334941,Healthy
18.96316067,27.73585924,53.72079371,High Stress
18.75771796,27.35337862,57.34366973,High Stress
38.62450164,24.34122072,60.78536829,Healthy
12.2265143,21.83651448,43.79997011,High Stress
32.82109022,25.81736044,55.70589945,Healthy
28.9823813,29.3750884,40.51156787,Moderate Stress
35.79074811,18.97002125,48.03197537,Healthy
32.61385001,25.01977516,57.26775328,Healthy
11.8302533,28.04630199,68.37938744,High Stress
24.82140469,19.50158017,63.28953424,Moderate Stress
31.44984421,28.08552013,56.93752677,Healthy
35.49753552,29.31392514,69.43580464,Healthy
33.53571566,27.22152298,55.28664223,Healthy
19.86564054,27.64777274,55.73096063,High Stress
13.95495909,27.91992615,45.71553696,High Stress
23.27682513,28.41519935,46.34566521,Moderate Stress
32.36575029,27.90747843,56.90226311,Healthy
23.12992334,20.82752103,65.13944817,Moderate Stress
16.36437882,29.03653227,67.1770364,High Stress
39.56519589,24.97874944,42.87212693,Healthy
18.51737485,27.89766438,44.63365491,High Stress
35.84290819,29.18305565,53.21652382,High Stress
36.52879219,18.57102753,44.8558519,Healthy
13.99293899,21.89245462,52.06247153,High Stress
35.45906518,28.11379951,51.79635244,Healthy
18.95631776,21.963611,44.25247978,High Stress
28.78009903,21.55320098,65.86910224,Moderate Stress
32.51644279,26.85251127,47.47378886,Healthy
11.99584653,24.25770688,67.35296968,High Stress
25.16119122,21.05296476,43.21440263,Moderate Stress
32.82756217,26.54367634,67.00301229,Healthy
22.53352316,25.1486147,65.17070672,Moderate Stress
39.93675092,23.10314768,53.3373175,Healthy
25.41955309,24.66055717,41.23910696,Moderate Stress
37.31688961,25.15360061,50.07179328,Moderate Stress
32.67039646,21.00152671,67.34102231,High Stress
24.44315471,29.31275703,62.18416232,Moderate Stress
26.32622006,24.88546968,50.07145418,Moderate Stress
23.30321478,27.59567029,47.07283545,Moderate Stress
38.18522316,19.99070452,57.87174319,Moderate Stress
18.14834742,26.00895716,40.41897592,High Stress
38.29549747,28.81944176,54.32717962,Healthy
30.57240455,19.94939518,67.89806399,Healthy
28.69650608,26.16075916,63.79066412,Moderate Stress
22.81683011,20.35544212,48.59014873,Moderate Stress
33.26339556,20.63104665,45.7198076,Healthy
13.20188878,18.21877068,40.99872032,High Stress
30.97263726,27.30609239,51.10616844,Healthy
11.35654176,28.08755695,42.04916458,High Stress
30.26102354,27.15701889,60.59087007,Healthy
37.41423506,28.65626405,54.64225143,Moderate Stress
10.89301132,22.53774251,62.78402949,High Stress
39.87447771,21.58397071,46.25975795,Healthy
28.00383648,26.63364996,56.25114084,Moderate Stress
30.29431089,23.04981472,64.56233472,Moderate Stress
20.02501989,21.51501714,42.43276304,Moderate Stress
28.62413834,28.40608825,41.84502353,Moderate Stress
23.53844147,28.760922,40.02875752,Moderate Stress
14.73309216,18.71374457,47.49653864,High Stress
13.9000044,20.72158374,40.90022115,High Stress
11.37081372,29.77528275,40.30793068,High Stress
24.68770217,21.7912343,69.0931758,Moderate Stress
26.34042134,18.47767536,45.59476507,Moderate Stress
11.94587385,28.0830208,50.62789124,High Stress
17.04899691,18.73639727,68.61059388,High Stress
37.63041392,19.11634186,66.45080399,Healthy
37.01401399,19.962002,62.86774039,Healthy
12.87138841,22.68175983,68.41766647,High Stress
12.88462058,22.26520027,64.85568595,High Stress
37.9780137,25.11550407,63.08883807,Healthy
32.91679719,29.06190296,50.25464142,Healthy
16.47156797,22.52530287,61.5108885,High Stress
39.49093795,26.35420487,69.6290835,Healthy
39.61768624,21.68570564,63.92402784,Healthy
27.61801426,29.69044225,61.36910145,Moderate Stress
37.18982068,23.00274671,42.63072385,Healthy
11.23035925,25.49103094,64.12830623,High Stress
24.80073496,21.71423614,41.03327451,Moderate Stress
30.52594829,26.3441571,50.51015243,Healthy
36.82661389,19.85194181,61.08587621,Healthy
36.4519447,25.84183239,68.42305357,Healthy
30.44461805,21.45719059,47.56038435,Healthy
12.41564288,22.79851253,64.3378368,High Stress
16.48879063,20.1034284,66.84882424,High Stress
27.15131544,20.61604935,49.32101319,Moderate Stress
13.93617405,29.15945108,48.71404477,High Stress
38.30826764,24.5548439,61.30975524,Moderate Stress
30.59466513,21.57076091,64.56600481,Moderate Stress
19.09896736,19.90293047,40.12125387,High Stress
12.89833959,25.62167493,63.30705295,High Stress
36.96423984,21.56832367,65.95136348,Healthy
27.53630225,22.97523675,61.4825011,High Stress
16.29662399,18.11397333,65.89116544,High Stress
23.93789224,24.42057373,60.85301969,Moderate Stress
30.13972508,29.76867559,46.63337806,Healthy
11.96048423,18.47418212,60.88375427,High Stress
11.62864421,18.1139026,53.72261938,High Stress
32.76997648,29.03113111,54.58475668,High Stress
39.3562601,19.52681324,54.62474684,Healthy
25.77012526,26.96066201,40.45318057,Moderate Stress
32.01091447,20.76253166,40.86544725,Healthy
16.8006472,26.41420167,65.21987187,High Stress
26.48722502,27.6264043,51.0014159,Moderate Stress
17.6198113,22.48152759,57.74344335,High Stress
23.62169555,25.79652735,40.79112931,Moderate Stress
17.50685254,25.86582167,44.84244231,High Stress
25.21412453,29.02885881,49.13608109,Moderate Stress
36.63270518,23.66453575,63.8571634,Healthy
27.57084796,25.27331287,45.64126957,High Stress
18.46119551,18.93003887,41.41758501,High Stress
24.57358401,19.55496686,51.01522446,Moderate Stress
23.60577132,21.09660486,46.6658578,High Stress
12.70199668,19.38483387,43.13226149,High Stress
22.42583924,23.03558794,53.32693511,Moderate Stress
26.75173009,24.4140555,55.7761486,Moderate Stress
21.29395536,29.67954412,54.48674811,Moderate Stress
34.36290996,18.83906271,60.2898553,Healthy
38.9401466,28.24197909,55.98022324,High Stress
23.68135153,21.10348586,58.66982016,Moderate Stress
27.83113822,24.84868854,57.26834533,Moderate Stress
32.47131034,26.46951557,63.09285473,High Stress
29.05481418,26.4766284,51.59127141,Moderate Stress
11.72022754,20.50834452,40.57682759,High Stress
19.91500672,19.10132983,48.33887315,High Stress
13.06486644,26.38154426,69.92896631,High Stress
20.60342613,23.88783887,60.14055642,Moderate Stress
34.54099066,28.25273927,61.60496217,Moderate Stress
27.1759722,23.61682253,61.68057116,Moderate Stress
16.45983705,18.73538318,45.909158,High Stress
22.48264672,29.73431155,63.38159518,Moderate Stress
25.98870884,20.59098257,55.95392006,Moderate Stress
26.88267682,28.63825692,51.16048919,Moderate Stress
29.70239388,25.60547984,40.38955429,Moderate Stress
24.32170267,23.76175157,50.98390389,Moderate Stress
10.87105278,18.92746119,56.13228828,High Stress
24.59714713,25.06208814,50.70798503,Moderate Stress
16.17319982,28.37319749,58.81136277,High Stress
31.18105383,27.4173348,66.24682157,Healthy
27.89702815,26.44540343,52.90743547,Moderate Stress
11.68259186,19.84099484,63.69209432,High Stress
32.32401948,21.73050676,53.08567345,Healthy
25.07876877,25.44873952,64.10427954,High Stress
11.19663822,22.55708625,57.69411311,High Stress
28.35276079,24.56495511,49.94085852,High Stress
15.30357562,22.6318276,67.89728619,High Stress
29.51082466,25.5065806,57.79667977,Moderate Stress
19.36545464,28.64544738,61.98421215,High Stress
13.65318007,22.66209073,54.41836357,High Stress
26.82132782,29.97944273,66.47137103,Moderate Stress
28.87465848,26.35808183,44.90877332,Moderate Stress
21.86711372,27.3845176,47.46863117,Moderate Stress
27.04883363,25.14750688,62.04779013,Moderate Stress
19.9106135,27.29159476,45.29601567,High Stress
19.00175447,21.20920066,61.08764529,High Stress
36.61811615,23.29887019,54.04411575,Moderate Stress
26.89596147,26.07885912,67.1282603,Moderate Stress
17.66679689,26.32298495,62.35554774,High Stress
39.7971766,23.57355654,59.56626249,Healthy
14.85700659,18.7904594,48.47237704,High Stress
38.68272958,27.78611356,44.48209779,Healthy
27.26765856,26.95566784,66.66935205,Moderate Stress
24.63926477,25.22298564,55.06826598,Moderate Stress
17.83458135,19.04736688,65.36167208,High Stress
23.82720784,18.32214984,51.42612569,Moderate Stress
28.7008294,29.89187784,68.52835577,Moderate Stress
17.29330465,19.63938208,50.27293766,High Stress
21.08588506,20.34675689,47.89346112,Moderate Stress
13.8271427,22.24357194,45.07516618,High Stress
19.27799945,24.05760356,62.61944772,High Stress
30.74154503,19.53054353,66.01475045,Healthy
33.46180333,29.63867787,45.40232975,Healthy
18.31532112,24.59157214,61.78731418,High Stress
31.97284605,25.72808287,60.02268794,Healthy
23.43610599,29.28539944,47.00483711,Moderate Stress
26.61283065,19.54808361,62.09775327,Moderate Stress
26.62920756,26.31581936,42.7038134,Moderate Stress
15.88928403,21.53958777,63.66754015,High Stress
12.87049544,28.35995462,45.58347837,High Stress
25.97918033,22.83928518,66.62138881,Moderate Stress
36.1900023,20.27954023,47.94694872,Healthy
10.31005668,19.0407812,61.89725352,High Stress
30.34465329,28.04816036,47.71974279,Healthy
34.07870405,28.17065878,42.29989543,Healthy
38.13579401,22.47598059,42.58210228,Healthy
12.61367318,29.64120591,46.34387944,High Stress
39.73606149,25.67935206,63.48847005,Healthy
18.60278438,23.00864847,41.04428192,High Stress
30.88095741,20.87934898,60.71684249,Moderate Stress
29.65265552,25.77059707,61.87309047,Moderate Stress
19.10982331,24.75686645,46.49036058,High Stress
32.1445406,27.79687765,51.69589754,Healthy
13.33281422,26.63619009,52.69917186,High Stress
39.97464206,22.58549044,66.9442932,Moderate Stress
27.96330849,19.98362065,68.34723967,Moderate Stress
32.08209462,20.08053208,62.93467106,Healthy
21.89280676,19.39520613,42.07718508,Moderate Stress
24.40049193,20.51731653,52.92354705,Moderate Stress
34.29530128,22.15575228,67.69843168,Healthy
15.30924343,20.11534124,48.23609776,High Stress
29.83579168,25.00308669,69.41841235,Moderate Stress
27.59636301,24.30695071,44.03317163,Moderate Stress
21.77198843,29.82069572,68.48589252,Moderate Stress
14.55808429,19.5181245,65.23751607,High Stress
13.49509954,21.91705988,62.27067123,High Stress
14.95638327,28.48065808,46.46607827,High Stress
23.03077572,19.92630492,65.06282627,Moderate Stress
29.30644847,28.42250619,68.21362549,Moderate Stress
16.6183429,22.33597002,54.71185062,High Stress
22.04505194,22.86259639,61.66870488,Moderate Stress
20.10505998,26.88453284,62.41585602,Moderate Stress
19.18370856,22.56690851,62.925074,High Stress
33.41807973,27.73438989,46.75190953,Healthy
14.39354034,18.31669793,56.73128859,High Stress
22.02178537,28.29087179,43.76651212,High Stress
18.94205599,26.78005212,54.83278888,High Stress
34.79532797,18.46307455,41.92639629,Healthy
15.61000178,23.19546423,42.41591624,High Stress
38.46147959,18.79156814,65.89791681,High Stress
14.55692166,18.69576867,69.29313903,High Stress
37.83519589,22.55826824,45.1628232,Healthy
31.44292206,21.23636785,48.13638503,Healthy
36.21805038,24.6060455,46.47517918,Healthy
11.20824462,26.62679109,53.95551133,High Stress
33.91395458,22.81979747,51.88736412,Healthy
21.17162576,22.28073171,54.93390808,Moderate Stress
28.22333752,23.24610414,50.35513417,High Stress
11.98374109,22.52490597,52.28840179,High Stress
23.83834776,19.58520933,65.71101379,Moderate Stress
23.88340933,24.61766692,51.06647414,Moderate Stress
15.04497679,25.24605507,44.00126926,High Stress
24.44978258,19.53581826,47.07096155,Moderate Stress
32.65925742,23.35461969,61.71676458,Healthy
36.61605911,21.63710913,65.04039268,High Stress
24.47126376,25.66654104,61.05665025,Moderate Stress
10.00664821,22.64573612,68.62353693,High Stress
39.7585718,26.45070623,54.47930466,Healthy
39.48657505,29.92758246,60.8181333,Healthy
29.08482906,21.02752408,55.40998982,Moderate Stress
34.07464633,27.26618006,65.75177151,Healthy
34.58547124,24.05952551,68.57440183,Moderate Stress
34.07188088,26.80503895,56.51157705,Healthy
22.25473412,24.8124824,64.69651032,Moderate Stress
27.41120856,19.64515808,46.77953915,High Stress
36.90260257,28.05149852,59.05426108,Healthy
15.86037767,20.55024246,52.81787047,High Stress
38.45667973,26.69394685,61.90566164,Healthy
10.58658676,26.79237045,50.31464452,High Stress
22.52416336,23.76041969,48.8633271,High Stress
10.19353242,28.51825431,46.68803806,High Stress
12.91079653,26.26346477,54.39692208,High Stress
11.4696305,19.30232237,56.66196879,High Stress
18.77759046,29.64984202,49.61514843,High Stress
28.60220342,25.17403615,56.87116472,Moderate Stress
12.13673047,27.67134626,44.87686496,High Stress
22.16618938,27.84781038,54.21948151,High Stress
35.15619553,26.35467139,47.44899317,Healthy
16.74517532,19.02636529,46.37984533,High Stress
20.71939439,28.92418852,62.46314232,Moderate Stress
38.98352506,24.59086753,65.40311351,Moderate Stress
24.93368236,22.39484493,63.38884687,Moderate Stress
14.18607538,28.25925884,56.41547049,High Stress
16.11297514,20.89241817,42.14359128,High Stress
22.99557956,23.96367974,59.01279153,Moderate Stress
19.63133191,27.63574659,49.08300091,High Stress
33.13762387,27.77363437,57.10865704,Healthy
31.36645784,26.38200318,43.17570226,Healthy
10.02856537,25.97099869,49.16862894,High Stress
18.74619316,27.64206446,43.86012386,High Stress
22.60902981,29.42271782,54.00408976,Moderate Stress
29.58690109,21.98991919,49.60316125,Moderate Stress
35.96533408,19.84476846,67.37838261,Healthy
17.94015783,28.27788463,63.86884661,High Stress
25.64270574,21.08874338,62.58394548,Moderate Stress
30.5491077,20.44587767,49.86545729,Healthy
15.19523987,29.76886673,65.53723645,High Stress
32.70938591,21.26433723,41.61410295,Moderate Stress
34.79779838,25.8633261,66.85158685,Healthy
37.31486193,23.61086581,51.4069963,Moderate Stress
24.05040306,22.30932313,60.87920838,Moderate Stress
35.78499849,28.67844324,67.05965616,Healthy
29.74269729,24.37812525,59.07564703,Moderate Stress
33.79019237,28.92632835,49.71660246,Healthy
11.60868135,18.25957796,59.26756224,High Stress
34.01058737,18.13578254,57.82819941,Moderate Stress
19.58667855,29.84758576,42.69031539,High Stress
24.68782501,18.49106579,43.50325347,Moderate Stress
39.38051399,18.40428466,47.47879863,Healthy
13.3208351,21.03089268,65.56950659,High Stress
34.54099594,23.07526072,57.20073788,Healthy
15.79716724,27.09937088,49.69217371,High Stress
16.79516545,18.05304855,40.03650884,High Stress
10.31931552,25.49975314,45.54737956,High Stress
14.95127629,28.1448083,60.04383982,High Stress
19.98856262,26.54475301,58.2835917,High Stress
30.14744002,20.37715104,68.48652575,Moderate Stress
27.53365158,22.61460397,69.95761491,High Stress
29.10332716,18.12534022,63.97162674,High Stress
14.703892,22.23813365,40.45824889,High Stress
13.72570588,26.60727889,53.36374119,High Stress
23.13856094,22.98764449,60.15800363,Moderate Stress
15.95844722,20.61219434,47.98083881,High Stress
28.60251477,20.87239726,49.12490609,High Stress
20.47026554,21.3231834,57.28222285,Moderate Stress
30.29305071,29.89250375,69.12316601,Healthy
37.16620887,21.92460592,60.45462314,Healthy
17.54174095,27.64655266,57.56473727,High Stress
34.69815535,18.12750254,59.79841793,Healthy
25.88569742,23.18043477,63.56098266,Moderate Stress
35.89380418,29.40476246,49.17665858,Healthy
28.96551209,26.2030619,47.93864217,Moderate Stress
33.9947232,21.20983875,50.27215485,Healthy
30.86479257,27.67040521,67.04994161,Healthy
11.06729032,18.20101033,68.11949037,High Stress
34.55736414,26.15653223,64.57358132,Moderate Stress
12.82208936,19.34266137,40.41413731,High Stress
31.79243247,20.18330835,63.78696913,Moderate Stress
10.87169389,23.75086454,53.05149091,High Stress
39.81537878,20.2771955,54.43601719,Healthy
16.51310761,22.80022405,47.57711933,High Stress
33.42878627,25.16401593,61.90244836,Healthy
35.77951918,18.94406408,48.54999539,Healthy
14.88382958,23.7412043,58.67817832,High Stress
16.47134264,23.84904247,42.49224471,High Stress
30.93850744,22.15555925,50.10871095,Healthy
23.80101477,27.22399825,55.71638951,Moderate Stress
26.50991455,23.35939769,50.68543571,Moderate Stress
17.54372029,29.61533444,55.32340373,High Stress
22.60125383,24.75656504,53.02385222,Moderate Stress
22.46982432,23.27301257,48.39287655,Moderate Stress
35.15967303,23.13658335,67.25303166,High Stress
38.52978388,19.77743985,55.38083841,Healthy
17.08217425,27.40006196,68.89670771,High Stress
27.67889812,28.0794337,68.95140047,Moderate Stress
12.23985145,23.34834207,42.49724604,High Stress
20.21914083,29.85381449,68.4783935,Moderate Stress
14.09751658,20.97468764,59.04776579,High Stress
21.53198265,22.38561846,42.01805879,Moderate Stress
21.8114412,23.86184192,68.69170162,Moderate Stress
16.76889246,26.3670531,51.77738892,High Stress
13.70910089,26.51255201,41.54937003,High Stress
25.05581631,21.07661242,61.26476134,Moderate Stress
26.81469907,27.64657279,44.89396172,Moderate Stress
14.75196988,27.88489791,68.46126008,High Stress
39.80327969,23.78484025,55.82465214,High Stress
39.99316429,24.70454106,60.76173837,High Stress
15.38926638,26.57257664,60.10467336,High Stress
26.7440914,20.30320121,61.5227434,Moderate Stress
12.19811666,25.01848253,41.19037282,High Stress
27.10336046,21.92953137,55.41326116,Moderate Stress
17.34316795,18.24481033,67.75696271,High Stress
19.72104231,28.86188769,44.02207061,High Stress
24.79387786,27.93455176,53.815446,Moderate Stress
24.45175051,28.08196871,66.39444961,Moderate Stress
29.27962148,28.30578006,62.48807401,Moderate Stress
26.52221752,24.81478879,44.43553233,High Stress
31.90207587,21.13752987,42.797623,Healthy
39.8037617,20.80113856,68.0836625,Healthy
27.49251499,21.5910208,50.29084869,Moderate Stress
24.41479734,18.40859212,65.88720982,Moderate Stress
29.50596228,26.39600479,56.41131887,Moderate Stress
14.70217768,24.24793008,41.00893286,High Stress
15.17691214,29.8043533,60.88808277,High Stress
16.67688111,22.30735081,52.39053415,High Stress
32.47203276,18.36431932,55.27379826,Healthy
16.12974971,18.85485547,43.03598652,High Stress
35.56065539,24.97169804,55.73496702,Healthy
19.26952871,27.70626567,48.91204978,High Stress
34.49666681,26.21646402,56.60399461,Healthy
24.64079142,21.71711732,55.1324641,Moderate Stress
30.9265155,27.73903821,52.3161625,Healthy
32.49791723,26.63462475,62.45689262,Moderate Stress
29.06152403,20.33334676,44.08544911,Moderate Stress
34.414059,21.00040649,44.75784898,Healthy
18.09234321,22.09708557,68.77392111,High Stress
39.10925453,21.81127739,40.7427387,Healthy
20.0934878,18.80502205,43.2835025,Moderate Stress
28.11384815,27.08226989,46.55364732,Moderate Stress
34.2236828,29.36381416,44.89833269,Healthy
38.10684645,25.02338551,68.18989439,Moderate Stress
34.9105713,23.67083879,59.2331259,Moderate Stress
27.71162051,23.12243666,45.89838897,Moderate Stress
30.08785155,19.1912747,68.23493135,Healthy
25.71346506,21.24587942,51.84427845,Moderate Stress
14.43774938,28.88508597,40.8466703,High Stress
31.23645569,19.16410904,43.54280287,Healthy
27.13712328,28.71842198,65.52200095,Moderate Stress
21.4742027,26.70065602,50.34084209,Moderate Stress
21.51789852,22.36114772,54.20265089,Moderate Stress
26.95156098,19.28693163,58.05304239,Moderate Stress
16.21698334,28.2646534,48.51138635,High Stress
20.34038006,21.47829081,42.96958684,Moderate Stress
38.35694973,23.88035578,63.48636728,Healthy
21.16125483,20.08708298,50.44276395,High Stress
20.71239575,20.71360101,68.87024886,Moderate Stress
20.89023028,18.78936408,45.89170773,Moderate Stress
16.37874096,20.71092424,41.20531264,High Stress
27.99090239,22.90256966,51.24363874,Moderate Stress
20.28468032,19.85007999,40.97731915,High Stress
38.77521209,19.44102343,63.81838744,Healthy
35.62155745,23.16212337,53.2899299,High Stress
24.26653101,26.09912832,55.61488844,Moderate Stress
37.50097508,18.63248267,44.87563202,Healthy
19.84115483,21.16835184,48.23630461,High Stress
38.34938201,19.31615479,55.192993,Healthy
11.45418045,24.17160075,45.79778262,High Stress
17.59267238,19.67400772,47.31832938,High Stress
38.74429882,19.87918916,64.26342616,Healthy
13.79584141,20.36849547,56.67194053,High Stress
31.51015279,18.79069763,62.40063321,Healthy
32.58382929,29.4221406,43.45545139,Healthy
36.16566586,20.11791204,42.90008914,Healthy
35.5652141,25.50470083,49.8493546,Healthy
33.30521631,29.54656164,43.92968783,Healthy
23.06643851,25.30376548,41.38389074,Moderate Stress
19.04809318,29.05897097,42.62616731,High Stress
15.99086865,27.32777001,67.58892416,High Stress
20.19105885,19.40636507,42.74450654,Moderate Stress
33.7468866,20.13941544,47.40627037,Moderate Stress
27.2943374,27.05110446,61.22909813,High Stress
38.39600306,27.48822624,59.01637785,Healthy
15.75546083,22.27190605,47.02464634,High Stress
34.3049112,18.98822851,61.17121913,Healthy
38.42145066,26.13520998,47.48949247,Healthy
37.77308042,29.86437626,45.92787099,Healthy
19.79570154,28.78277696,52.3656303,High Stress
37.82916238,27.74323749,64.56829998,High Stress
36.10212163,28.9486793,41.39586889,Healthy
24.12580328,26.54146191,59.1377139,Moderate Stress
11.79386027,24.15732805,59.3507958,High Stress
33.17413091,23.07490239,53.31168383,Healthy
36.04145427,23.62381869,49.9834626,Healthy
31.77529747,24.4871801,54.19791252,Moderate Stress
21.2139833,24.58030844,65.49730753,Moderate Stress
32.14701935,19.69479332,53.21953021,High Stress
32.30192784,19.07129404,51.17500787,Healthy
14.18912942,29.20600333,44.11424827,High Stress
14.02523468,18.40829309,66.36099605,High Stress
18.81044865,28.04543068,41.99690144,High Stress
29.47747621,21.00142241,41.16666292,Moderate Stress
39.50894897,29.88213006,53.47142762,Healthy
39.3070751,24.36452951,64.98032543,Healthy
31.03425572,24.26019853,69.10652886,Healthy
13.87051151,28.73352477,57.30907134,High Stress
39.70746645,19.79592701,49.36731391,Moderate Stress
26.9642964,18.40583713,48.9779709,Moderate Stress
11.0525496,22.95491286,56.57792635,High Stress
17.97089807,22.62435908,52.85110003,High Stress
25.69536877,26.60693183,65.34140331,Moderate Stress
12.8508484,20.16232298,63.81060087,High Stress
12.74920876,19.88751847,54.50467779,High Stress
35.05507526,20.31553916,43.93260456,High Stress
32.84930588,27.27661671,53.30884828,Healthy
23.53607509,28.48947292,50.83760153,Moderate Stress
20.95400477,25.34454976,66.86063388,Moderate Stress
33.13794647,27.76741215,64.27561697,Healthy
17.81713741,25.39814374,67.93844261,High Stress
13.56205788,19.41565561,53.24297343,High Stress
34.07288912,28.05751851,61.93497486,Moderate Stress
23.68048585,26.64648228,52.88448102,Moderate Stress
15.74067682,22.79389326,65.10121386,High Stress
20.49248994,19.708975,47.66447589,Moderate Stress
17.91158333,18.35178968,51.99942582,High Stress
14.20253261,21.58461405,46.24371026,High Stress
38.1866024,22.07823087,56.27159491,Healthy
33.85087444,19.84505404,67.89495156,Healthy
20.00672295,19.39299987,54.18289256,Moderate Stress
18.21612713,29.57812285,60.99495597,High Stress
10.94941265,29.53947515,54.75283658,High Stress
17.13790186,19.28243888,55.83502921,High Stress
39.86435131,19.52124918,49.31606513,High Stress
13.4246434,22.26252293,52.82061131,High Stress
24.65515779,18.67415428,40.74083011,Moderate Stress
18.21079095,18.0923634,43.80787577,High Stress
16.86816521,20.88589258,52.07760867,High Stress
34.9829565,25.88699342,59.8022595,Healthy
36.99742083,26.08227116,64.66309891,Moderate Stress
37.42513859,25.02909446,52.08190215,Healthy
10.03057829,21.39453024,56.62134562,High Stress
11.25387704,25.90846133,44.3315724,High Stress
17.37245341,23.90093105,56.75332719,High Stress
30.45717955,25.14952016,55.25201153,Healthy
25.56142941,21.643917,44.63954593,High Stress
18.76855803,20.80893225,46.01336903,High Stress
22.72112423,27.63630712,53.72692232,High Stress
20.65518918,29.05981402,67.46120222,Moderate Stress
13.58092858,22.80431889,69.45533323,High Stress
10.91678708,18.92951865,66.48929835,High Stress
14.31237633,20.29128899,53.83946697,High Stress
21.24586884,27.58880409,49.73282248,Moderate Stress
14.17456544,28.61166292,53.42564188,High Stress
22.75777621,26.95605962,55.98084301,Moderate Stress
20.64754695,21.98736159,44.67073823,Moderate Stress
39.34483741,23.9764116,62.10819471,Healthy
28.5698263,27.4669797,62.42379042,Moderate Stress
19.8162296,18.94693777,41.4833972,High Stress
31.97436419,22.36241696,64.38755198,Healthy
29.20622236,29.38099031,40.07180658,Moderate Stress
17.10164029,23.4744789,49.2449327,High Stress
26.95788131,22.96551624,56.50101605,Moderate Stress
36.91157457,22.47649591,57.99850889,Moderate Stress
15.85483636,18.38726204,59.14488698,High Stress
37.64865244,22.72813238,57.90572658,High Stress
16.86259039,23.14461484,40.44367095,High Stress
23.05745636,26.14977535,57.73483621,Moderate Stress
23.99232384,22.20111002,42.21911424,High Stress
28.20153292,20.74011617,45.90712579,Moderate Stress
12.16419283,26.47202802,68.09236844,High Stress
16.78071925,26.20396885,54.86772978,High Stress
24.92793627,24.21864784,62.39459933,High Stress
19.89512934,23.77485328,67.78802626,High Stress
26.0768239,23.03862333,61.1252555,Moderate Stress
39.08853029,20.66718013,40.47599107,Healthy
29.79515845,26.25076103,44.3454782,Moderate Stress
18.89836833,25.20618428,63.88637241,High Stress
36.02685004,23.20080737,60.47489543,High Stress
22.73760374,21.82651875,57.32459131,Moderate Stress
36.53067067,27.95216153,68.84987106,Healthy
13.61608462,26.74716693,55.34932723,High Stress
33.73089,25.45253374,46.21463154,Moderate Stress
30.14787881,26.07636374,66.6135615,Healthy
34.54065637,24.83711439,62.74501867,High Stress
16.70935188,23.5780977,57.86163465,High Stress
17.96166616,28.67084093,45.01093445,High Stress
30.75744562,26.37063827,68.85349313,Healthy
24.71662682,24.3982432,47.70523145,Moderate Stress
14.76716991,27.98078146,67.36738763,High Stress
33.06598448,18.4447387,45.52421448,Healthy
35.94187261,23.98556097,65.36774907,Healthy
36.46511955,19.48948151,52.51980487,Moderate Stress
16.93194761,25.53393596,65.02875132,High Stress
38.40752886,26.4168325,45.77557719,Healthy
19.76739304,22.42084889,48.85011899,High Stress
11.32359597,20.3772618,46.32721356,High Stress
28.97680395,19.41494143,43.52843574,Moderate Stress
17.33883895,23.23597124,63.35021509,High Stress
16.4788726,18.27052555,55.20472676,High Stress
24.08841713,18.30848973,66.15276948,Moderate Stress
34.99710056,22.23075626,68.14337467,Healthy
17.97911596,20.58821918,66.80687716,High Stress
31.45225415,23.71159942,54.88463422,High Stress
39.31233522,18.33082214,49.45756106,Healthy
22.18106438,29.50617035,47.26491898,Moderate Stress
38.27174734,18.11477481,51.88117241,Healthy
15.53298185,27.91620784,40.84102032,High Stress
26.98677768,27.45088333,65.01233472,Moderate Stress
30.09829546,23.66725463,65.51249101,Healthy
24.77345336,22.67880602,54.20429004,Moderate Stress
29.52705599,20.03777726,57.15604398,Moderate Stress
39.94792823,22.27367649,69.47528043,Healthy
37.79383923,20.34514882,43.66259774,Healthy
38.58671663,20.84282888,52.72161719,High Stress
39.13113108,22.98258186,58.48126004,Healthy
29.14523149,25.35846898,63.35047847,Moderate Stress
15.3759587,27.07374284,43.87739156,High Stress
32.21380938,23.84694001,61.88498556,Healthy
24.20973474,29.94930324,53.1145638,Moderate Stress
27.17723376,28.75068276,51.05438902,Moderate Stress
38.52574911,19.46064918,50.28441238,Healthy
10.01672589,21.27479752,57.01749128,High Stress
11.46434196,25.14022676,63.42961592,High Stress
16.212503,25.58211276,53.78230655,High Stress
31.18825665,28.25197372,48.82467835,Healthy
25.81478932,22.05896118,59.0127147,Moderate Stress
39.551755,29.76378698,57.35003225,High Stress
21.28266223,20.57176882,42.41548428,Moderate Stress
16.90124262,27.56110239,43.47203949,High Stress
32.75808462,24.25827516,52.4337905,Healthy
35.10690965,22.37348719,48.21361564,High Stress
17.9195567,25.50106875,56.36504567,High Stress
27.02650029,29.07529065,41.73383424,Moderate Stress
18.78571862,25.17298103,52.50136696,High Stress
32.88967276,25.45812282,66.60904056,Healthy
36.72952804,25.95570551,45.4105723,Healthy
29.42398446,25.61220756,59.49324363,Moderate Stress
28.61993414,26.52826065,45.48742417,Moderate Stress
29.71809032,24.15433609,58.37492164,Moderate Stress
24.0798914,27.67735703,55.1038561,Moderate Stress
30.57499642,20.87446844,54.31532331,Moderate Stress
18.5092878,26.79060841,40.35089449,High Stress
12.09782658,18.52830982,45.78336453,High Stress
20.03606876,24.53009114,50.22756805,High Stress
13.97186285,19.03232884,57.29240295,High Stress
39.47058459,22.29327103,44.705549,Healthy
16.91368343,24.68705769,44.65290621,High Stress
27.34127914,25.08020788,47.28563398,Moderate Stress
13.91919452,26.48460861,48.85049809,High Stress
17.11386672,23.6013374,55.97048183,High Stress
24.23411149,22.10201411,43.32913473,Moderate Stress
31.85184155,18.36101492,63.99039391,Healthy
31.27492584,22.28003625,41.12993684,Healthy
13.62995667,20.53785058,57.73461697,High Stress
24.46174779,22.40577896,61.90939373,High Stress
27.39112299,22.16144961,41.60620327,Moderate Stress
25.2117169,19.19196323,47.58439371,High Stress
22.83463142,25.38325185,67.56147988,Moderate Stress
22.668586,20.07323183,48.46340078,Moderate Stress
30.84320217,24.71388674,69.93902375,High Stress
35.75826082,22.65393818,56.73596973,Healthy
18.18186642,20.64654295,43.39771824,High Stress
28.70380267,28.93260473,65.86634043,Moderate Stress
38.79989686,28.01792578,62.40616841,Moderate Stress
38.99850463,28.89769559,56.73760655,Moderate Stress
13.00737765,18.93997244,65.76096722,High Stress
10.61096757,23.92319171,41.06408038,High Stress
10.51601812,24.94609126,68.29911186,High Stress
11.69201893,18.33638737,49.47760827,High Stress
24.58498085,23.46551828,63.68022339,Moderate Stress
32.78002076,21.12146591,67.25650258,Healthy
15.56713879,21.23545618,68.62118508,High Stress
24.17843583,27.78505074,59.52839265,Moderate Stress
22.44137957,19.28653325,50.31351884,Moderate Stress
38.16908592,23.26539707,51.94486199,Healthy
13.9976001,27.80846627,56.70490066,High Stress
31.65597275,25.35991002,64.01595257,Healthy
12.36409505,21.60970514,48.59110915,High Stress
37.26978084,20.83422678,45.15950988,Moderate Stress
10.20759618,28.80547739,41.96704433,High Stress
37.13506225,21.83086568,51.23775006,Healthy
32.67454484,25.72367821,61.73127413,High Stress
39.04622778,23.16008467,49.14926975,Moderate Stress
30.1732177,29.04330565,43.88063076,Moderate Stress
13.04790139,22.91754659,63.29908789,High Stress
28.60835728,28.33816192,69.52453122,Moderate Stress
29.94248723,18.66449745,61.0646003,Moderate Stress
37.44823043,25.02487254,50.68720835,Moderate Stress
19.5964792,21.29583644,43.34433832,High Stress
12.24050851,22.62175065,42.99731402,High Stress
23.21980803,28.75070155,69.08742218,Moderate Stress
11.25699661,27.29004534,41.7272576,High Stress
31.17403782,28.39073248,55.82171305,Healthy
29.59995719,24.01837988,46.22354401,Moderate Stress
25.45978714,26.81113245,60.37613643,High Stress
39.30020294,26.60200091,46.12094697,Healthy
38.69413002,18.27106211,43.57556509,Healthy
15.04519032,29.91357696,64.35989602,High Stress
31.70548401,21.20357391,41.70744851,Moderate Stress
19.31881187,18.00307892,51.46918066,High Stress
28.75869762,28.97623757,68.85801301,High Stress
11.15896334,25.71301042,43.30211208,High Stress
15.03041561,20.15256909,63.04990075,High Stress
37.16301369,25.58657617,63.47796252,Healthy
18.97930745,21.14040545,51.37598812,High Stress
14.66887165,20.9644188,52.56781588,High Stress
37.25682813,21.26302167,57.64688402,High Stress
16.34533139,18.57346044,55.75061451,High Stress
11.43745064,20.7183311,57.69741266,High Stress
18.55172011,26.74535252,65.77097937,High Stress
24.76193198,21.70758836,45.27459351,Moderate Stress
36.61052865,23.8772157,62.14651253,Healthy
13.51894596,18.27824731,46.24810236,High Stress
12.37592209,27.82711874,68.49217216,High Stress
28.96538628,25.06937759,53.57218658,Moderate Stress
31.49217408,18.16335907,52.45952415,High Stress
26.8894876,23.21769473,61.32583927,Moderate Stress
36.30730737,18.95608828,47.99157344,Healthy
11.50767169,25.31804984,65.80795107,High Stress
26.48884304,20.61580951,69.47159782,High Stress
34.15127877,28.7838436,41.12015761,Healthy
17.74535114,21.39940396,43.92333118,High Stress
11.61887904,23.64385938,61.9694125,High Stress
38.50532147,22.69886288,44.42979944,Moderate Stress
16.54363964,20.54745575,40.32851683,High Stress
26.95925029,24.39490804,40.19416913,Moderate Stress
29.2710842,19.15387282,44.45461147,Moderate Stress
32.69710835,29.83568047,49.21048744,Healthy
21.2018107,22.29327208,59.31710338,Moderate Stress
29.89600293,25.74947612,46.01442251,Moderate Stress
30.93314025,20.24575176,55.52898349,Healthy
26.6207619,23.38554388,65.6263191,High Stress
12.47470685,20.62229204,56.51902311,High Stress
35.27625313,19.17326275,41.66516108,Healthy
26.72487605,25.47383048,64.16451493,Moderate Stress
13.33883254,20.01561911,66.55175263,High Stress
22.69468161,18.00199267,63.98272046,Moderate Stress
33.12086251,22.6217081,69.07421849,Healthy
10.07634978,19.69769762,53.27028251,High Stress
35.06844179,20.61889257,69.92721858,High Stress
24.12339117,26.8732175,55.32632308,Moderate Stress
37.11222076,20.91562502,42.20773398,Healthy
23.49706971,27.4274952,55.24960782,Moderate Stress
39.78964602,29.13107033,46.08132872,High Stress
25.42748639,22.14381635,60.50572076,Moderate Stress
27.23376966,28.42988244,49.58122311,Moderate Stress
38.80223048,24.03755645,55.81670046,Healthy
13.15114936,29.33324521,54.63134644,High Stress
31.78764883,23.54784201,68.22209329,Healthy
15.23283755,26.57312968,57.01691608,High Stress
34.98752341,25.28756516,54.61830395,High Stress
36.33862027,29.14956727,64.11835255,Healthy
26.25460011,28.30827342,40.03833994,Moderate Stress
16.5274861,20.4983813,43.55010206,High Stress
15.91932637,29.5955886,61.46369612,High Stress
24.41007734,20.19653648,42.76666382,Moderate Stress
18.17417406,25.49108283,46.72447575,High Stress
32.62783317,23.59062104,59.41173076,High Stress
16.23711132,24.84600073,55.81194565,High Stress
19.05848769,28.00562864,43.1743012,High Stress
29.60218792,21.7766005,47.1254422,Moderate Stress
35.98972533,20.32400502,66.33228291,Healthy
11.02431608,22.56474263,54.83931877,High Stress
17.74508477,28.42133777,66.93032643,High Stress
31.46738274,18.26750049,51.46843715,Healthy
16.20805242,21.82250627,60.6011766,High Stress
21.06775772,27.03063634,49.45714161,Moderate Stress
23.17372129,19.11918142,44.76302113,Moderate Stress
18.99974304,21.52067923,59.70117014,High Stress
12.23192733,25.18390777,55.02664356,High Stress
28.21737921,18.72199623,51.56600286,Moderate Stress
37.54884285,29.57330071,62.43184852,High Stress
29.4521031,27.64529131,62.20169249,Moderate Stress
25.78285525,18.04926672,68.05006467,Moderate Stress
24.53460709,28.89618643,47.30947927,Moderate Stress
17.51776986,27.78415412,41.22780797,High Stress
16.95669507,18.2052895,65.9400393,High Stress
13.04487513,26.53639265,55.64270756,High Stress
39.24797827,19.73011078,43.70679458,Healthy
10.4675928,28.56776426,49.03117445,High Stress
35.14975756,29.60444119,45.00632288,High Stress
31.63788905,28.14422208,51.72378011,Healthy
27.18115984,23.65106115,54.12003843,Moderate Stress
38.00447739,26.04280788,52.1063011,Healthy
30.92050698,23.44628942,58.17635777,High Stress
30.28638952,28.96469804,45.49935682,Healthy
25.08628874,28.61694852,63.39853872,Moderate Stress
32.27230799,20.13135183,50.28322948,Healthy
10.33785328,20.10007449,48.57549854,High Stress
22.37537468,29.51149664,45.49921803,Moderate Stress
11.11788482,26.83178493,54.42607757,High Stress
17.925202,25.71038026,50.10602031,High Stress
24.92395268,21.25251236,57.12985967,Moderate Stress
36.09211611,19.49101324,50.61453543,Healthy
30.28161698,29.46939521,56.29316836,Healthy
25.00538663,27.38412517,69.73626459,Moderate Stress
22.46005727,26.66885434,67.2848653,Moderate Stress
28.97063356,23.86926523,53.84290054,Moderate Stress
34.9107774,20.31291898,40.6300938,Moderate Stress
10.74716166,28.1873459,44.92267197,High Stress
14.55141965,19.90507595,61.17209209,High Stress
32.48896561,23.9930004,61.8663502,Healthy
11.3854271,18.73505043,66.03441122,High Stress
30.32899379,24.09311751,55.37905635,High Stress
34.18618869,20.89141303,48.12128219,Healthy
15.2523574,21.17247771,68.10246443,High Stress
30.9247677,20.84172306,65.00192043,Healthy
31.71478979,28.8188716,61.28621983,Healthy
22.62207226,25.69195128,63.43507247,Moderate Stress
12.14018555,28.09389679,66.74359188,High Stress
25.12277216,22.06281296,58.78053338,Moderate Stress
20.16081848,25.43245717,43.34665199,Moderate Stress
14.86136042,24.52637516,46.45958568,High Stress
27.31028717,29.12193977,52.06111433,High Stress
29.98421593,22.28791565,47.09892509,Moderate Stress
17.35583098,24.84711544,69.79604357,High Stress
22.65262373,21.77644087,46.54276709,Moderate Stress
29.39018076,28.07590626,54.92797375,Moderate Stress
24.63631785,22.24561978,67.08247505,Moderate Stress
32.17520111,22.89826796,50.95096119,Healthy
13.57935731,23.5862277,47.15319464,High Stress
11.82985238,19.32967208,50.79827289,High Stress
17.44073221,18.00414703,53.55763534,High Stress
38.65267788,18.20082162,57.88779038,Moderate Stress
15.19819251,27.28487187,41.43139104,High Stress
15.66830825,28.42078804,59.02349289,High Stress
13.53080687,19.7340944,67.36193998,High Stress
15.36684792,26.36542921,45.37105637,High Stress
12.24059821,23.38095316,68.45755015,High Stress
38.03192556,21.02993107,55.9946885,Healthy
22.01587866,29.60668838,63.83220953,Moderate Stress
20.11899899,23.86359527,40.50481128,Moderate Stress
15.75964039,26.437463,62.78879212,High Stress
33.68019832,26.0853971,41.36055112,Healthy
15.49239844,25.24483465,52.15277215,High Stress
12.95248483,22.70739251,40.64725316,High Stress
33.54589691,22.2200121,56.04461087,High Stress
13.05196193,29.65917909,44.82666823,High Stress
23.1079807,18.84458305,54.25560078,Moderate Stress
12.17807892,18.66740629,64.85881871,High Stress
27.97860518,27.87677456,53.67577681,Moderate Stress
27.17395489,25.82031696,69.96887071,Moderate Stress
30.2079825,18.16656692,60.97186215,Healthy
36.82951588,28.06669622,56.28460653,Healthy
31.40597509,18.1266679,42.3642244,High Stress
20.41264607,19.66627694,60.04484584,Moderate Stress
24.28581197,27.21133756,59.76308409,Moderate Stress
24.73803548,24.1777714,40.77412135,Moderate Stress
29.23441607,21.70824115,69.04051905,Moderate Stress
36.54169137,28.54490674,59.73210503,Moderate Stress
34.73815018,21.62768446,42.21225455,Healthy
26.71551956,21.09657849,56.91310761,Moderate Stress
33.18818409,24.29349009,59.21253665,Healthy
23.32727159,26.41053931,62.44910706,High Stress
37.74428452,19.42036946,52.18598663,Healthy
21.05538524,24.60568774,69.96201526,Moderate Stress
10.91006195,26.43198768,50.31566376,High Stress
16.5806018,20.90773346,69.65965138,High Stress
23.2917138,27.0780006,62.49826141,Moderate Stress
33.9710736,26.6064643,67.79693436,Healthy
39.71959742,23.31285964,57.78763503,Healthy
24.27227312,28.35525214,58.78689045,Moderate Stress
12.47169112,24.62537505,63.96896046,High Stress
35.27567889,20.47533216,67.75573737,Moderate Stress
17.00931426,28.18655296,60.52844371,High Stress
16.43158844,27.31980592,64.64765921,High Stress
19.65000764,20.10013078,45.9205581,High Stress
35.56537476,19.23179871,63.72483184,Healthy
15.34920922,27.10960922,56.56279983,High Stress
17.04389953,25.62972158,46.70732838,High Stress
10.78518718,21.94457998,64.53120089,High Stress
30.64149186,23.07963357,68.25148332,Healthy
14.10709586,28.44803608,68.39384081,High Stress
16.80822928,27.53009812,43.87855588,High Stress
22.34364766,19.31463586,58.65234805,Moderate Stress
36.66483994,27.8525523,59.69068352,Healthy
28.30275957,23.87888625,64.5963726,Moderate Stress
36.48485781,18.67586509,65.93755508,Healthy
13.71006669,27.4207993,40.48792219,High Stress
20.20140852,18.71906964,66.91518421,Moderate Stress
16.8526721,22.24350745,41.05566174,High Stress
25.37934879,24.19356343,65.50682412,Moderate Stress
14.44278071,29.51864541,61.32077825,High Stress
20.82581118,21.82969715,54.0249173,Moderate Stress
34.93306556,20.7226444,51.62803634,Moderate Stress
15.90833905,29.62156934,43.78107913,High Stress
38.28528037,23.78824133,57.92465426,Moderate Stress
34.37126113,24.19322949,66.99966196,Healthy
11.44312755,29.64355166,57.37972092,High Stress
16.18844531,27.03981001,67.178294,High Stress
22.53287805,22.32983499,51.17023407,High Stress
27.8888668,28.04684,62.27244415,Moderate Stress
18.83941502,26.19792878,42.91622021,High Stress
37.81929713,29.31324971,41.00695915,Healthy
19.23711792,27.99517186,61.33707995,High Stress
30.8770732,22.74212887,48.37059859,Healthy
39.10646775,24.12276708,49.32913247,Healthy
27.47477544,27.15867709,60.51701594,Moderate Stress
23.64139919,21.99699746,43.89654653,Moderate Stress
16.9661586,19.4023279,48.40702117,High Stress
20.02867922,23.26134629,64.81210858,Moderate Stress
11.36599714,21.36601219,48.57999129,High Stress
10.08486539,24.49266335,62.59368271,High Stress
31.992967,21.49535876,63.52809034,Healthy
30.54657928,23.72091969,56.48246976,Healthy
16.04861123,29.61260355,45.46449775,High Stress
38.34608206,25.02847661,46.83699265,Healthy
29.72082489,28.21244316,54.60688389,Moderate Stress
18.33295853,25.31918694,51.99101768,High Stress
11.55298246,22.16017773,46.99823452,High Stress
20.66128753,19.31212393,68.70975113,Moderate Stress
13.59234118,22.22637901,46.33111813,High Stress
26.23621346,26.82827929,59.96600679,Moderate Stress
31.76196582,27.30237547,68.22405254,Healthy
30.98180738,24.64436242,62.74650895,Healthy
39.2322332,28.53412385,40.45068901,Healthy
33.57612061,21.53531657,46.35592468,Healthy
33.17869149,22.55643721,61.88170506,Healthy
11.80262028,22.85459337,56.86992811,High Stress
14.53895362,21.86218601,47.47278274,High Stress
21.10154427,21.22452332,47.41202439,Moderate Stress
28.32922481,25.53536311,53.09694008,Moderate Stress
29.52578375,29.37942192,41.45004863,Moderate Stress
11.79043565,21.89144754,46.78188061,High Stress
31.28526897,27.78070087,41.61572851,Healthy
29.66578009,27.60528504,54.66819556,Moderate Stress
15.49078217,22.10811192,61.24314265,High Stress
23.4957228,21.68023971,40.69367065,Moderate Stress
30.97167529,23.01948793,41.38710661,Healthy
24.40635651,25.72460506,47.50539411,Moderate Stress